Image,any,epidural,intraparenchymal,intraventricular,subarachnoid,subdural,PatientID,SliceID,seq
ID_c3760c3d0,0,0,0,0,0,0,ID_ffe27487,ID_ffe27487__ID_2ede63cdce__ID_2a991f28c4,1
ID_0b2bbee70,0,0,0,0,0,0,ID_ffe27487,ID_ffe27487__ID_2ede63cdce__ID_2a991f28c4,2
ID_801b057d1,0,0,0,0,0,0,ID_ffe27487,ID_ffe27487__ID_2ede63cdce__ID_2a991f28c4,3
ID_9e06e4886,0,0,0,0,0,0,ID_ffe27487,ID_ffe27487__ID_2ede63cdce__ID_2a991f28c4,4
ID_828e9e99c,0,0,0,0,0,0,ID_ffe27487,ID_ffe27487__ID_2ede63cdce__ID_2a991f28c4,5
ID_a4ad3750f,0,0,0,0,0,0,ID_ffe27487,ID_ffe27487__ID_2ede63cdce__ID_2a991f28c4,6
ID_9447a0092,0,0,0,0,0,0,ID_ffe27487,ID_ffe27487__ID_2ede63cdce__ID_2a991f28c4,7
ID_4685737ff,1,0,0,0,0,1,ID_ffe27487,ID_ffe27487__ID_2ede63cdce__ID_2a991f28c4,8
ID_57b639da7,1,0,0,0,0,1,ID_ffe27487,ID_ffe27487__ID_2ede63cdce__ID_2a991f28c4,9
ID_2017eb9ca,1,0,0,0,0,1,ID_ffe27487,ID_ffe27487__ID_2ede63cdce__ID_2a991f28c4,10
ID_d931c96d0,1,0,0,0,0,1,ID_ffe27487,ID_ffe27487__ID_2ede63cdce__ID_2a991f28c4,11
ID_39a18c3ee,1,0,0,0,0,1,ID_ffe27487,ID_ffe27487__ID_2ede63cdce__ID_2a991f28c4,12
ID_f7ebfd42a,1,0,0,0,0,1,ID_ffe27487,ID_ffe27487__ID_2ede63cdce__ID_2a991f28c4,13
ID_172d14df1,1,0,0,0,0,1,ID_ffe27487,ID_ffe27487__ID_2ede63cdce__ID_2a991f28c4,14
ID_e86d9cf5f,1,0,0,0,0,1,ID_ffe27487,ID_ffe27487__ID_2ede63cdce__ID_2a991f28c4,15
ID_d2b7b90e0,1,0,0,0,0,1,ID_ffe27487,ID_ffe27487__ID_2ede63cdce__ID_2a991f28c4,16
ID_361e5455d,1,0,0,0,0,1,ID_ffe27487,ID_ffe27487__ID_2ede63cdce__ID_2a991f28c4,17
ID_c46a9e5c6,1,0,0,0,0,1,ID_ffe27487,ID_ffe27487__ID_2ede63cdce__ID_2a991f28c4,18
ID_424c85a52,1,0,0,0,0,1,ID_ffe27487,ID_ffe27487__ID_2ede63cdce__ID_2a991f28c4,19
ID_2048140e6,1,1,0,0,0,1,ID_ffe27487,ID_ffe27487__ID_2ede63cdce__ID_2a991f28c4,20
ID_0f498bc73,1,1,0,0,0,1,ID_ffe27487,ID_ffe27487__ID_2ede63cdce__ID_2a991f28c4,21
ID_38381bd63,1,1,0,0,0,1,ID_ffe27487,ID_ffe27487__ID_2ede63cdce__ID_2a991f28c4,22
ID_286716287,1,1,0,0,0,1,ID_ffe27487,ID_ffe27487__ID_2ede63cdce__ID_2a991f28c4,23
ID_cc4f0bb23,1,1,0,0,0,1,ID_ffe27487,ID_ffe27487__ID_2ede63cdce__ID_2a991f28c4,24
ID_5f0e3a718,1,1,0,0,0,1,ID_ffe27487,ID_ffe27487__ID_2ede63cdce__ID_2a991f28c4,25
ID_9863e4d9b,1,1,0,0,0,1,ID_ffe27487,ID_ffe27487__ID_2ede63cdce__ID_2a991f28c4,26
ID_3fc10dec3,1,1,0,0,0,1,ID_ffe27487,ID_ffe27487__ID_2ede63cdce__ID_2a991f28c4,27
ID_ea49195c7,1,1,0,0,0,0,ID_ffe27487,ID_ffe27487__ID_2ede63cdce__ID_2a991f28c4,28
ID_3fe34c95b,0,0,0,0,0,0,ID_ffe27487,ID_ffe27487__ID_2ede63cdce__ID_2a991f28c4,29
ID_8a275ce46,0,0,0,0,0,0,ID_ffe27487,ID_ffe27487__ID_2ede63cdce__ID_2a991f28c4,30
ID_553206e8d,0,0,0,0,0,0,ID_ffe27487,ID_ffe27487__ID_2ede63cdce__ID_2a991f28c4,31
ID_9373e4477,0,0,0,0,0,0,ID_ffe27487,ID_ffe27487__ID_2ede63cdce__ID_2a991f28c4,32
ID_cc4762ab7,0,0,0,0,0,0,ID_ffe27487,ID_ffe27487__ID_2ede63cdce__ID_2a991f28c4,33
ID_a2d711bc9,0,0,0,0,0,0,ID_ffe27487,ID_ffe27487__ID_2ede63cdce__ID_2a991f28c4,34
ID_bc661fdc9,0,0,0,0,0,0,ID_ffe27487,ID_ffe27487__ID_2ede63cdce__ID_2a991f28c4,35
ID_c4d2c5a3f,0,0,0,0,0,0,ID_ffe27487,ID_ffe27487__ID_2ede63cdce__ID_2a991f28c4,36
