Image,any,epidural,intraparenchymal,intraventricular,subarachnoid,subdural,PatientID,SliceID,seq
ID_47cb66839,0,0,0,0,0,0,ID_fff502d5,ID_fff502d5__ID_e17326e0bd__ID_f10de2d018,1
ID_6d28b7111,0,0,0,0,0,0,ID_fff502d5,ID_fff502d5__ID_e17326e0bd__ID_f10de2d018,2
ID_b3e14c7ef,0,0,0,0,0,0,ID_fff502d5,ID_fff502d5__ID_e17326e0bd__ID_f10de2d018,3
ID_8e34f0e8b,0,0,0,0,0,0,ID_fff502d5,ID_fff502d5__ID_e17326e0bd__ID_f10de2d018,4
ID_993725eb7,0,0,0,0,0,0,ID_fff502d5,ID_fff502d5__ID_e17326e0bd__ID_f10de2d018,5
ID_71e0c76a2,0,0,0,0,0,0,ID_fff502d5,ID_fff502d5__ID_e17326e0bd__ID_f10de2d018,6
ID_448e8048f,0,0,0,0,0,0,ID_fff502d5,ID_fff502d5__ID_e17326e0bd__ID_f10de2d018,7
ID_0d43ff285,0,0,0,0,0,0,ID_fff502d5,ID_fff502d5__ID_e17326e0bd__ID_f10de2d018,8
ID_af5031319,0,0,0,0,0,0,ID_fff502d5,ID_fff502d5__ID_e17326e0bd__ID_f10de2d018,9
ID_4aa305f83,0,0,0,0,0,0,ID_fff502d5,ID_fff502d5__ID_e17326e0bd__ID_f10de2d018,10
ID_288b1ae0e,0,0,0,0,0,0,ID_fff502d5,ID_fff502d5__ID_e17326e0bd__ID_f10de2d018,11
ID_5339c7bb4,0,0,0,0,0,0,ID_fff502d5,ID_fff502d5__ID_e17326e0bd__ID_f10de2d018,12
ID_f5ce11ecf,0,0,0,0,0,0,ID_fff502d5,ID_fff502d5__ID_e17326e0bd__ID_f10de2d018,13
ID_4a70f8c38,1,0,0,1,0,0,ID_fff502d5,ID_fff502d5__ID_e17326e0bd__ID_f10de2d018,14
ID_0ebc4859d,1,0,0,1,0,0,ID_fff502d5,ID_fff502d5__ID_e17326e0bd__ID_f10de2d018,15
ID_6f177582d,1,0,1,1,0,0,ID_fff502d5,ID_fff502d5__ID_e17326e0bd__ID_f10de2d018,16
ID_993bcf0d5,1,0,1,1,0,0,ID_fff502d5,ID_fff502d5__ID_e17326e0bd__ID_f10de2d018,17
ID_fd584dcc7,1,0,1,1,0,0,ID_fff502d5,ID_fff502d5__ID_e17326e0bd__ID_f10de2d018,18
ID_7249b9e5e,1,0,1,1,0,0,ID_fff502d5,ID_fff502d5__ID_e17326e0bd__ID_f10de2d018,19
ID_487ed181a,1,0,1,1,0,0,ID_fff502d5,ID_fff502d5__ID_e17326e0bd__ID_f10de2d018,20
ID_390dbc246,1,0,1,1,0,0,ID_fff502d5,ID_fff502d5__ID_e17326e0bd__ID_f10de2d018,21
ID_c225e3d45,1,0,1,0,0,0,ID_fff502d5,ID_fff502d5__ID_e17326e0bd__ID_f10de2d018,22
ID_032d5f85e,1,0,1,0,0,0,ID_fff502d5,ID_fff502d5__ID_e17326e0bd__ID_f10de2d018,23
ID_55f1fd2ef,1,0,1,0,0,0,ID_fff502d5,ID_fff502d5__ID_e17326e0bd__ID_f10de2d018,24
ID_747143567,0,0,0,0,0,0,ID_fff502d5,ID_fff502d5__ID_e17326e0bd__ID_f10de2d018,25
ID_8d36ce084,0,0,0,0,0,0,ID_fff502d5,ID_fff502d5__ID_e17326e0bd__ID_f10de2d018,26
ID_596f71547,0,0,0,0,0,0,ID_fff502d5,ID_fff502d5__ID_e17326e0bd__ID_f10de2d018,27
ID_810926b0b,0,0,0,0,0,0,ID_fff502d5,ID_fff502d5__ID_e17326e0bd__ID_f10de2d018,28
ID_f0b1efb8e,0,0,0,0,0,0,ID_fff502d5,ID_fff502d5__ID_e17326e0bd__ID_f10de2d018,29
ID_59f4dd2a4,0,0,0,0,0,0,ID_fff502d5,ID_fff502d5__ID_e17326e0bd__ID_f10de2d018,30
ID_28f68b916,0,0,0,0,0,0,ID_fff502d5,ID_fff502d5__ID_e17326e0bd__ID_f10de2d018,31
ID_c536d1ddc,0,0,0,0,0,0,ID_fff502d5,ID_fff502d5__ID_e17326e0bd__ID_f10de2d018,32
ID_1bdddfa4b,0,0,0,0,0,0,ID_fff502d5,ID_fff502d5__ID_e17326e0bd__ID_f10de2d018,33
ID_44d836de1,0,0,0,0,0,0,ID_fff502d5,ID_fff502d5__ID_e17326e0bd__ID_f10de2d018,34
ID_f81e5c99d,0,0,0,0,0,0,ID_fff502d5,ID_fff502d5__ID_e17326e0bd__ID_f10de2d018,35
ID_40a6d2d77,0,0,0,0,0,0,ID_fff502d5,ID_fff502d5__ID_e17326e0bd__ID_f10de2d018,36
