Image,any,epidural,intraparenchymal,intraventricular,subarachnoid,subdural,PatientID,SliceID,seq
ID_7ca9e4fb6,0,0,0,0,0,0,ID_ff90a827,ID_ff90a827__ID_42d977aa2e__ID_f9d9b953b4,1
ID_d329f7507,0,0,0,0,0,0,ID_ff90a827,ID_ff90a827__ID_42d977aa2e__ID_f9d9b953b4,2
ID_f201f2bfd,0,0,0,0,0,0,ID_ff90a827,ID_ff90a827__ID_42d977aa2e__ID_f9d9b953b4,3
ID_a3dc39719,0,0,0,0,0,0,ID_ff90a827,ID_ff90a827__ID_42d977aa2e__ID_f9d9b953b4,4
ID_534ee3a62,0,0,0,0,0,0,ID_ff90a827,ID_ff90a827__ID_42d977aa2e__ID_f9d9b953b4,5
ID_5855bd70e,1,0,0,0,1,0,ID_ff90a827,ID_ff90a827__ID_42d977aa2e__ID_f9d9b953b4,6
ID_d7698aed3,1,0,0,0,1,0,ID_ff90a827,ID_ff90a827__ID_42d977aa2e__ID_f9d9b953b4,7
ID_573b1fea3,1,0,0,0,1,1,ID_ff90a827,ID_ff90a827__ID_42d977aa2e__ID_f9d9b953b4,8
ID_f2dbe855e,1,0,0,0,1,1,ID_ff90a827,ID_ff90a827__ID_42d977aa2e__ID_f9d9b953b4,9
ID_46f8120b0,1,0,0,0,1,1,ID_ff90a827,ID_ff90a827__ID_42d977aa2e__ID_f9d9b953b4,10
ID_151e0f6f8,1,0,1,0,1,1,ID_ff90a827,ID_ff90a827__ID_42d977aa2e__ID_f9d9b953b4,11
ID_41745b669,1,0,1,1,1,1,ID_ff90a827,ID_ff90a827__ID_42d977aa2e__ID_f9d9b953b4,12
ID_16d65d577,1,0,0,1,1,1,ID_ff90a827,ID_ff90a827__ID_42d977aa2e__ID_f9d9b953b4,13
ID_ccc72e3cd,1,0,0,0,1,1,ID_ff90a827,ID_ff90a827__ID_42d977aa2e__ID_f9d9b953b4,14
ID_e6144eee7,1,0,0,0,1,1,ID_ff90a827,ID_ff90a827__ID_42d977aa2e__ID_f9d9b953b4,15
ID_a6aa4edfc,1,0,0,0,1,1,ID_ff90a827,ID_ff90a827__ID_42d977aa2e__ID_f9d9b953b4,16
ID_cdd6220b5,1,0,0,0,1,1,ID_ff90a827,ID_ff90a827__ID_42d977aa2e__ID_f9d9b953b4,17
ID_d93fcd2cd,1,0,0,0,1,1,ID_ff90a827,ID_ff90a827__ID_42d977aa2e__ID_f9d9b953b4,18
ID_b81a50e8e,1,0,0,0,1,1,ID_ff90a827,ID_ff90a827__ID_42d977aa2e__ID_f9d9b953b4,19
ID_40a490f4a,1,0,0,0,1,1,ID_ff90a827,ID_ff90a827__ID_42d977aa2e__ID_f9d9b953b4,20
ID_3581fd213,1,0,0,0,1,0,ID_ff90a827,ID_ff90a827__ID_42d977aa2e__ID_f9d9b953b4,21
ID_2541204b0,1,0,0,0,1,0,ID_ff90a827,ID_ff90a827__ID_42d977aa2e__ID_f9d9b953b4,22
ID_4b72c9606,1,0,0,0,1,0,ID_ff90a827,ID_ff90a827__ID_42d977aa2e__ID_f9d9b953b4,23
ID_868e0ed78,1,0,0,0,1,0,ID_ff90a827,ID_ff90a827__ID_42d977aa2e__ID_f9d9b953b4,24
ID_aff229917,1,0,0,0,1,0,ID_ff90a827,ID_ff90a827__ID_42d977aa2e__ID_f9d9b953b4,25
ID_24a537788,1,0,0,0,1,0,ID_ff90a827,ID_ff90a827__ID_42d977aa2e__ID_f9d9b953b4,26
ID_b9e5baa0b,0,0,0,0,0,0,ID_ff90a827,ID_ff90a827__ID_42d977aa2e__ID_f9d9b953b4,27
ID_936e567a7,0,0,0,0,0,0,ID_ff90a827,ID_ff90a827__ID_42d977aa2e__ID_f9d9b953b4,28
ID_fa3c67cca,0,0,0,0,0,0,ID_ff90a827,ID_ff90a827__ID_42d977aa2e__ID_f9d9b953b4,29
ID_278932ea2,0,0,0,0,0,0,ID_ff90a827,ID_ff90a827__ID_42d977aa2e__ID_f9d9b953b4,30
